{"cameraMode":{"drawMode":0,"name":"Shaded","section":"Shading Mode"},"sceneLighting":true,"audioPlay":false,"sceneViewState":{"showFog":true,"showMaterialUpdate":false,"showSkybox":true,"showFlares":true,"showImageEffects":true,"showParticleSystems":true},"in2DMode":false,"pivot":{"x":-2.870999813079834,"y":2.4514999389648439,"z":-40.0},"rotation":{"x":-0.012416942976415158,"y":0.9858541488647461,"z":-0.1438567042350769,"w":-0.0851040631532669},"size":8.625258445739746,"orthographic":false}