{"cameraMode":{"drawMode":0,"name":"Shaded","section":"Shading Mode"},"sceneLighting":true,"audioPlay":false,"sceneViewState":{"showFog":true,"showMaterialUpdate":false,"showSkybox":true,"showFlares":true,"showImageEffects":true,"showParticleSystems":true},"in2DMode":false,"pivot":{"x":43.73999786376953,"y":0.5,"z":-14.350000381469727},"rotation":{"x":0.17692038416862489,"y":0.12804162502288819,"z":-0.023220043629407884,"w":0.9755846858024597},"size":65.7905502319336,"orthographic":false}