{"cameraMode":{"drawMode":0,"name":"Shaded","section":"Shading Mode"},"sceneLighting":true,"audioPlay":false,"sceneViewState":{"showFog":true,"showMaterialUpdate":false,"showSkybox":true,"showFlares":true,"showImageEffects":true,"showParticleSystems":true},"in2DMode":false,"pivot":{"x":46.44194030761719,"y":-0.507256269454956,"z":-50.15205764770508},"rotation":{"x":0.0868343710899353,"y":0.03585593402385712,"z":-0.003127368865534663,"w":0.9955724477767944},"size":31.28621482849121,"orthographic":false}