{"cameraMode":{"drawMode":1,"name":"Wireframe","section":"Shading Mode"},"sceneLighting":false,"audioPlay":false,"sceneViewState":{"showFog":true,"showMaterialUpdate":false,"showSkybox":false,"showFlares":true,"showImageEffects":true,"showParticleSystems":true},"in2DMode":false,"pivot":{"x":48.70371627807617,"y":0.7919256091117859,"z":-0.18350285291671754},"rotation":{"x":-0.21410438418388368,"y":0.6376883387565613,"z":-0.19098924100399018,"w":-0.714867889881134},"size":2.000515937805176,"orthographic":false}