{"cameraMode":{"drawMode":0,"name":"Shaded","section":"Shading Mode"},"sceneLighting":true,"audioPlay":false,"sceneViewState":{"showFog":true,"showMaterialUpdate":false,"showSkybox":true,"showFlares":true,"showImageEffects":true,"showParticleSystems":true},"in2DMode":false,"pivot":{"x":11.742798805236817,"y":-4.577725410461426,"z":45.34288024902344},"rotation":{"x":-0.26869824528694155,"y":0.12695422768592835,"z":-0.03575504571199417,"w":-0.9541516900062561},"size":330.5549621582031,"orthographic":false}