{"cameraMode":{"drawMode":0,"name":"Shaded","section":"Shading Mode"},"sceneLighting":true,"audioPlay":false,"sceneViewState":{"showFog":true,"showMaterialUpdate":false,"showSkybox":true,"showFlares":true,"showImageEffects":true,"showParticleSystems":true},"in2DMode":false,"pivot":{"x":-0.16129612922668458,"y":2.5777206420898439,"z":-33.44471740722656},"rotation":{"x":0.30251261591911318,"y":0.0314466618001461,"z":-0.009985690005123616,"w":0.9525741338729858},"size":145.01878356933595,"orthographic":false}